{
  "data": [
    {
      "xScale": "ordinal",
      "comp": [],
      "main": [
        {
          "className": ".main.l1",
          "data": [
            {
              "y": 15,
              "x": "2012-11-19T00:00:00"
            },
            {
              "y": 11,
              "x": "2012-11-20T00:00:00"
            },
            {
              "y": 8,
              "x": "2012-11-21T00:00:00"
            },
            {
              "y": 10,
              "x": "2012-11-22T00:00:00"
            },
            {
              "y": 1,
              "x": "2012-11-23T00:00:00"
            },
            {
              "y": 6,
              "x": "2012-11-24T00:00:00"
            },
            {
              "y": 8,
              "x": "2012-11-25T00:00:00"
            }
          ]
        },
        {
          "className": ".main.l2",
          "data": [
            {
              "y": 29,
              "x": "2012-11-19T00:00:00"
            },
            {
              "y": 33,
              "x": "2012-11-20T00:00:00"
            },
            {
              "y": 13,
              "x": "2012-11-21T00:00:00"
            },
            {
              "y": 16,
              "x": "2012-11-22T00:00:00"
            },
            {
              "y": 7,
              "x": "2012-11-23T00:00:00"
            },
            {
              "y": 18,
              "x": "2012-11-24T00:00:00"
            },
            {
              "y": 8,
              "x": "2012-11-25T00:00:00"
            }
          ]
        }
      ],
      "type": "line-dotted",
      "yScale": "linear"
    },
    {
      "xScale": "ordinal",
      "comp": [],
      "main": [
        {
          "className": ".main.l1",
          "data": [
            {
              "y": 12,
              "x": "2012-11-19T00:00:00"
            },
            {
              "y": 18,
              "x": "2012-11-20T00:00:00"
            },
            {
              "y": 8,
              "x": "2012-11-21T00:00:00"
            },
            {
              "y": 7,
              "x": "2012-11-22T00:00:00"
            },
            {
              "y": 6,
              "x": "2012-11-23T00:00:00"
            },
            {
              "y": 12,
              "x": "2012-11-24T00:00:00"
            },
            {
              "y": 8,
              "x": "2012-11-25T00:00:00"
            }
          ]
        },
        {
          "className": ".main.l2",
          "data": [
            {
              "y": 29,
              "x": "2012-11-19T00:00:00"
            },
            {
              "y": 33,
              "x": "2012-11-20T00:00:00"
            },
            {
              "y": 13,
              "x": "2012-11-21T00:00:00"
            },
            {
              "y": 16,
              "x": "2012-11-22T00:00:00"
            },
            {
              "y": 7,
              "x": "2012-11-23T00:00:00"
            },
            {
              "y": 18,
              "x": "2012-11-24T00:00:00"
            },
            {
              "y": 8,
              "x": "2012-11-25T00:00:00"
            }
          ]
        }
      ],
      "type": "cumulative",
      "yScale": "linear"
    },
    {
      "xScale": "ordinal",
      "comp": [],
      "main": [
        {
          "className": ".main.l1",
          "data": [
            {
              "y": 12,
              "x": "2012-11-19T00:00:00"
            },
            {
              "y": 18,
              "x": "2012-11-20T00:00:00"
            },
            {
              "y": 8,
              "x": "2012-11-21T00:00:00"
            },
            {
              "y": 7,
              "x": "2012-11-22T00:00:00"
            },
            {
              "y": 6,
              "x": "2012-11-23T00:00:00"
            },
            {
              "y": 12,
              "x": "2012-11-24T00:00:00"
            },
            {
              "y": 8,
              "x": "2012-11-25T00:00:00"
            }
          ]
        },
        {
          "className": ".main.l2",
          "data": [
            {
              "y": 29,
              "x": "2012-11-19T00:00:00"
            },
            {
              "y": 33,
              "x": "2012-11-20T00:00:00"
            },
            {
              "y": 13,
              "x": "2012-11-21T00:00:00"
            },
            {
              "y": 16,
              "x": "2012-11-22T00:00:00"
            },
            {
              "y": 7,
              "x": "2012-11-23T00:00:00"
            },
            {
              "y": 18,
              "x": "2012-11-24T00:00:00"
            },
            {
              "y": 8,
              "x": "2012-11-25T00:00:00"
            }
          ]
        }
      ],
      "type": "bar",
      "yScale": "linear"
    }
  ]
}
